{
  "exp_a": {
    "bins": [
      8,
      16,
      32,
      64
    ],
    "tvd": {
      "age": [
        0.3808500000000001,
        0.2020179786004923,
        0.12381954220957515,
        0.11759140675682418
      ],
      "hours-per-week": [
        0.8271000749437923,
        0.6956445446325414,
        0.14965562627926712,
        0.551155519237487
      ]
    }
  },
  "exp_b": {
    "MST": {
      "n": 5,
      "seeds": [
        0,
        1,
        2,
        3,
        4
      ],
      "tvd_mean": 0.09414617273205415,
      "tvd_std": 0.012716535808062824,
      "auc_mean": 0.6525215498904389,
      "auc_std": 0.10908459332582617,
      "tvd": [
        0.10342205993508517,
        0.06991926784529524,
        0.09849703481592538,
        0.09394830724608694,
        0.10494419381787805
      ],
      "auc": [
        0.5538631607076052,
        0.7310931965154188,
        0.4891681684570574,
        0.7505974881085992,
        0.7378857356635135
      ]
    },
    "INDEPENDENT": {
      "n": 5,
      "seeds": [
        0,
        1,
        2,
        3,
        4
      ],
      "tvd_mean": 0.08808274803481737,
      "tvd_std": 0.021682737738895494,
      "auc_mean": 0.5381362492651381,
      "auc_std": 0.0641669136805013,
      "tvd": [
        0.06371711238856952,
        0.05968717748284161,
        0.10234048635784863,
        0.1055778757907868,
        0.10909108815404028
      ],
      "auc": [
        0.5074531986531987,
        0.5400342899898456,
        0.6235077547966437,
        0.43651973705307034,
        0.5831662658329325
      ]
    },
    "AIM": {
      "n": 3,
      "seeds": [
        0,
        1,
        2
      ],
      "tvd_mean": 0.08907829931517698,
      "tvd_std": 0.024759973101329,
      "auc_mean": 0.6704018384907274,
      "auc_std": 0.13744386273228498,
      "tvd": [
        0.06672758040752787,
        0.12359714662324572,
        0.07691017091475737
      ],
      "auc": [
        0.791453241408797,
        0.4781713858158303,
        0.7415808882475549
      ]
    }
  },
  "exp_c": {
    "pairs": [
      "education×income",
      "marital-status×income",
      "occupation×income",
      "age×income"
    ],
    "tvd": {
      "MST": [
        0.04060500326846683,
        0.36359765927490323,
        0.2847979660079449,
        0.20190326092422187
      ],
      "AIM": [
        0.04742741911286691,
        0.034048772315847374,
        0.04117890433565034,
        0.14663739560934144
      ],
      "INDEPENDENT": [
        0.13204288395135869,
        0.18720656057649002,
        0.13948873792723815,
        0.20027993544512834
      ]
    }
  }
}