{
  "exp_a": {
    "bins": [
      8,
      16,
      32,
      64
    ],
    "tvd": {
      "age": [
        0.3808500000000001,
        0.2020179786004923,
        0.12381954220957515,
        0.11759140675682418
      ],
      "hours-per-week": [
        0.8271000749437923,
        0.6956445446325414,
        0.14965562627926712,
        0.551155519237487
      ]
    }
  },
  "exp_b": {
    "MST": {
      "n": 10,
      "seeds": [
        0,
        1,
        2,
        3,
        4,
        5,
        6,
        7,
        8,
        9
      ],
      "tvd_mean": 0.09251995443542643,
      "tvd_std": 0.019144940115419964,
      "auc_mean": 0.6697991170968949,
      "auc_std": 0.08688239193949204,
      "tvd": [
        0.06725465272528763,
        0.11412779217471236,
        0.11113574563221633,
        0.09682908490210428,
        0.10270507092434,
        0.05976724142695294,
        0.06723233687960974,
        0.09990688314854526,
        0.09606018983807929,
        0.11018054670241652
      ],
      "auc": [
        0.6471419378974934,
        0.7360690930468708,
        0.5238752819197264,
        0.757161113783336,
        0.749823440756774,
        0.6426872748650527,
        0.7769122762011651,
        0.5530918924696702,
        0.5884601357490247,
        0.7227687242798354
      ]
    },
    "INDEPENDENT": {
      "n": 10,
      "seeds": [
        0,
        1,
        2,
        3,
        4,
        5,
        6,
        7,
        8,
        9
      ],
      "tvd_mean": 0.08636831695613287,
      "tvd_std": 0.019863648440709765,
      "auc_mean": 0.49014028966917855,
      "auc_std": 0.09013535025171528,
      "tvd": [
        0.10087994937383431,
        0.10647281861272449,
        0.06794938271604939,
        0.0752262618694815,
        0.09797071534856866,
        0.10594919905418457,
        0.10342741191600702,
        0.09555054792620338,
        0.05179287772104871,
        0.058464005023226844
      ],
      "auc": [
        0.4501740366629255,
        0.39921047512158625,
        0.5982729303618193,
        0.41947769761103093,
        0.53771240446796,
        0.5095140184917962,
        0.3953476350809684,
        0.41893128106461436,
        0.6850548233659344,
        0.48770759446315004
      ]
    },
    "AIM": {
      "n": 5,
      "seeds": [
        0,
        1,
        2,
        3,
        4
      ],
      "tvd_mean": 0.10853035119149552,
      "tvd_std": 0.020048534705794718,
      "auc_mean": 0.6658106311795201,
      "auc_std": 0.15273186737523245,
      "tvd": [
        0.12051264247693894,
        0.12057750191877734,
        0.06876240342393419,
        0.11919867738085325,
        0.1136005307569739
      ],
      "auc": [
        0.4804245630912297,
        0.7908814707925819,
        0.7862524076746299,
        0.47714315643204536,
        0.7943515579071134
      ]
    }
  },
  "exp_c": {
    "pairs": [
      "educationĂ—income",
      "marital-statusĂ—income",
      "occupationĂ—income",
      "ageĂ—income"
    ],
    "tvd": {
      "MST": [
        0.04060500326846683,
        0.36359765927490323,
        0.2847979660079449,
        0.20190326092422187
      ],
      "AIM": [
        0.04742741911286691,
        0.034048772315847374,
        0.04117890433565034,
        0.14663739560934144
      ],
      "INDEPENDENT": [
        0.13204288395135869,
        0.18720656057649002,
        0.13948873792723815,
        0.20027993544512834
      ]
    }
  }
}