{
  "exp_a": {
    "bins": [
      8,
      16,
      32,
      64
    ],
    "tvd": {
      "age": [
        0.3808500000000001,
        0.21423548128877323,
        0.08017139611209291,
        0.10484417346887676
      ],
      "hours-per-week": [
        0.8266503023337166,
        0.2634848609165498,
        0.5223099343600102,
        0.15735407381441233
      ]
    }
  },
  "exp_b": {
    "MST": {
      "n": 10,
      "seeds": [
        0,
        1,
        2,
        3,
        4,
        5,
        6,
        7,
        8,
        9
      ],
      "tvd_mean": 0.08751203445193478,
      "tvd_std": 0.02022374479005797,
      "auc_mean": 0.687386405857517,
      "auc_std": 0.06779853162379897,
      "tvd": [
        0.05771251749650067,
        0.10232691724874048,
        0.06343466548056512,
        0.10696624940690505,
        0.10081255584450224,
        0.09948595904908318,
        0.10898924669864593,
        0.06613896118340562,
        0.10423928121059271,
        0.06501399090040695
      ],
      "auc": [
        0.5705679867457646,
        0.7261032761477206,
        0.7467840307840307,
        0.6808994922772701,
        0.7330849660627438,
        0.629790176901288,
        0.7451510234621346,
        0.571750179039068,
        0.7525840842285286,
        0.7171488429266207
      ]
    },
    "INDEPENDENT": {
      "n": 10,
      "seeds": [
        0,
        1,
        2,
        3,
        4,
        5,
        6,
        7,
        8,
        9
      ],
      "tvd_mean": 0.10174645424471603,
      "tvd_std": 0.004106842181029338,
      "auc_mean": 0.5063577104377105,
      "auc_std": 0.07863632958827058,
      "tvd": [
        0.09952655214887313,
        0.10231035235917041,
        0.1087357450624379,
        0.10848583071331419,
        0.10273829008649368,
        0.09787892388802508,
        0.10236523781725183,
        0.10191393514582743,
        0.09797164773011663,
        0.09553802749564995
      ],
      "auc": [
        0.5318719469830582,
        0.5968169739725295,
        0.47803166052054946,
        0.6084419218641441,
        0.48696766607877723,
        0.4117509913954358,
        0.4841915878360323,
        0.4128427555983112,
        0.6322049703383037,
        0.4204566297899631
      ]
    },
    "AIM": {
      "n": 5,
      "seeds": [
        0,
        1,
        2,
        3,
        4
      ],
      "tvd_mean": 0.08823149286935635,
      "tvd_std": 0.027289030264194266,
      "auc_mean": 0.6770333600555822,
      "auc_std": 0.11659469340071302,
      "tvd": [
        0.1275241908575242,
        0.07538614447113247,
        0.0708390878297312,
        0.0547986144417799,
        0.11260942674661398
      ],
      "auc": [
        0.4747446101223879,
        0.6711898241676019,
        0.7883167762278874,
        0.6549493666827,
        0.7959662230773342
      ]
    }
  },
  "exp_c": {
    "pairs": [
      "education×income",
      "marital-status×income",
      "occupation×income",
      "age×income"
    ],
    "tvd": {
      "MST": [
        0.02386343387240799,
        0.3592750322452624,
        0.2815827016569104,
        0.19907644607599964
      ],
      "AIM": [
        0.06444621174109384,
        0.048237681886603094,
        0.03419182137481185,
        0.15781899147014553
      ],
      "INDEPENDENT": [
        0.13127911104444778,
        0.18497619619019046,
        0.14072707114644267,
        0.21932520623968801
      ]
    }
  },
  "exp_e": {
    "MST": {
      "0.5": {
        "epsilon": 0.5,
        "n": 10,
        "seeds": [
          0,
          1,
          2,
          3,
          4,
          5,
          6,
          7,
          8,
          9
        ],
        "fast": false,
        "tvd_mean": 0.08542688306737847,
        "tvd_std": 0.021136511681379956,
        "corr_err_mean": 0.05344061084868207,
        "corr_err_std": 0.04019280535782596,
        "auc_mean": 0.664850785099674,
        "auc_std": 0.09339042634914091,
        "tvd": [
          0.06806352324819907,
          0.06844281362634189,
          0.07314462352094525,
          0.07009613299562309,
          0.06576884564786598,
          0.06465511343745413,
          0.10942106231342873,
          0.11205715924392799,
          0.10635776078865306,
          0.11626179585134547
        ],
        "corr_err": [
          0.12949568769703568,
          0.019537266647735876,
          0.037863316672381665,
          0.062407867019148536,
          0.003299824223151851,
          0.07623252793845915,
          0.06970715578205197,
          0.10341476529984861,
          0.0033401488910497906,
          0.029107548315957493
        ],
        "auc": [
          0.49106065950510397,
          0.7353062904174016,
          0.5061656565656565,
          0.7024358291913847,
          0.7212491048046604,
          0.6312325370103148,
          0.7345241622574955,
          0.6375964085297416,
          0.7823565603121159,
          0.7065806424028648
        ]
      },
      "1.0": {
        "epsilon": 1.0,
        "n": 10,
        "seeds": [
          0,
          1,
          2,
          3,
          4,
          5,
          6,
          7,
          8,
          9
        ],
        "fast": false,
        "tvd_mean": 0.08932203250084171,
        "tvd_std": 0.022301833404085394,
        "corr_err_mean": 0.04797023008076166,
        "corr_err_std": 0.043584892122341776,
        "auc_mean": 0.658703996579552,
        "auc_std": 0.11358149953776986,
        "tvd": [
          0.11140291520906215,
          0.09396120410964971,
          0.10554840859073468,
          0.11089020876163734,
          0.10666841567896304,
          0.06540641951170602,
          0.11068954110642854,
          0.07605410453107606,
          0.061285475609891886,
          0.051313631899267784
        ],
        "corr_err": [
          0.13535619663941678,
          0.007990309148764863,
          0.011423220391390876,
          0.09309741255332615,
          0.036352703583827035,
          0.10489201040428461,
          0.02253288098883617,
          0.019791312427391683,
          0.009351391844333076,
          0.03891486282604527
        ],
        "auc": [
          0.47441150125594567,
          0.7153816257816259,
          0.48898701298701297,
          0.7543569023569023,
          0.7324017316017317,
          0.7419685532574422,
          0.7017495590828924,
          0.49779265672599005,
          0.7566071722516168,
          0.7233832504943616
        ]
      },
      "2.0": {
        "epsilon": 2.0,
        "n": 10,
        "seeds": [
          0,
          1,
          2,
          3,
          4,
          5,
          6,
          7,
          8,
          9
        ],
        "fast": false,
        "tvd_mean": 0.06544316102054715,
        "tvd_std": 0.012043019039591759,
        "corr_err_mean": 0.08015857898646697,
        "corr_err_std": 0.07218588768940755,
        "auc_mean": 0.666319392870504,
        "auc_std": 0.10390146559922973,
        "tvd": [
          0.06089854004526136,
          0.058870347433784484,
          0.0670346864167809,
          0.06628897843183057,
          0.05776199504440546,
          0.06664158217257847,
          0.06155427093593318,
          0.062392912126362075,
          0.05353628971728796,
          0.09945200788124699
        ],
        "corr_err": [
          0.1555090699773065,
          0.006548269608692134,
          0.036897507048527886,
          0.10087721870733173,
          0.011475993557021641,
          0.22317970145230076,
          0.15939084926729197,
          0.06506133661810146,
          0.028731693482108467,
          0.013914150145987209
        ],