{
  "one_way_tvd": {
    "mst_eps1": {
      "workclass": 0.024164997234374173,
      "education": 0.022468089706843677,
      "marital-status": 0.02020663750188565,
      "occupation": 0.014901594006134656,
      "race": 0.0035928596570624478,
      "gender": 0.0017922361341580206,
      "income": 0.0019448182229597488,
      "age": 0.18987180570221754,
      "hours-per-week": 0.6046175893799971,
      "__mean__": 0.09817340306062589
    },
    "aim_eps1": {
      "workclass": 0.021512159323898595,
      "education": 0.029486052907936197,
      "marital-status": 0.012761364204630707,
      "occupation": 0.02509948492273841,
      "race": 0.017883572535880382,
      "gender": 0.0015006350952642966,
      "income": 0.0008138520778116776,
      "age": 0.2077506726008901,
      "hours-per-week": 0.6285805945891885,
      "__mean__": 0.10504315425091543
    },
    "independent_eps1": {
      "workclass": 0.0016971250562978428,
      "education": 0.016854095981584327,
      "marital-status": 0.002908269529099722,
      "occupation": 0.015109157784116476,
      "race": 0.0020405169393984558,
      "gender": 0.0008697292698793824,
      "income": 0.0008952309463043651,
      "age": 0.19785458639843867,
      "hours-per-week": 0.7120512310463896,
      "__mean__": 0.10558666032794542
    },
    "mst_eps0.5": {
      "workclass": 0.04649459674215337,
      "education": 0.04992222884386175,
      "marital-status": 0.016757647993643238,
      "occupation": 0.06620272149384186,
      "race": 0.018395292014302716,
      "gender": 0.00233603496225665,
      "income": 0.003482081843464449,
      "age": 0.19871148192292412,
      "hours-per-week": 0.6783529797377832,
      "__mean__": 0.12007278506158126
    },
    "mst_eps2.0": {
      "workclass": 0.002028075978549597,
      "education": 0.009120435523480169,
      "marital-status": 0.00411852102440732,
      "occupation": 0.009939066806996442,
      "race": 0.0019311782689320081,
      "gender": 0.00027756227133765576,
      "income": 0.0004327870495664937,
      "age": 0.25031819024708063,
      "hours-per-week": 0.712132764496567,
      "__mean__": 0.1100331757407686
    },
    "mst_eps10.0": {
      "workclass": 0.0009416562609260653,
      "education": 0.0013037460666300293,
      "marital-status": 0.0018526247440187609,
      "occupation": 0.003323360471504911,
      "race": 0.0006995479746266186,
      "gender": 0.00020265720992959646,
      "income": 0.00034574696568602514,
      "age": 0.17953926627041605,
      "hours-per-week": 0.34706749662854,
      "__mean__": 0.05947512251025312
    }
  },
  "corr_error": {
    "mst_eps1": 0.0642,
    "aim_eps1": 0.2261,
    "independent_eps1": 0.0767,
    "mst_eps0.5": 0.0836,
    "mst_eps2.0": 0.0688,
    "mst_eps10.0": 0.0696
  },
  "tstr": {
    "real_train (TRTR baseline)": {
      "accuracy": 0.8409,
      "f1": 0.625,
      "auc": 0.8929
    },
    "mst_eps1": {
      "accuracy": 0.7225,
      "f1": 0.4272,
      "auc": 0.6869
    },
    "aim_eps1": {
      "accuracy": 0.7541,
      "f1": 0.5052,
      "auc": 0.7682
    },
    "independent_eps1": {
      "accuracy": 0.7594,
      "f1": 0.0031,
      "auc": 0.433
    },
    "mst_eps0.5": {
      "accuracy": 0.7209,
      "f1": 0.46,
      "auc": 0.6553
    },
    "mst_eps2.0": {
      "accuracy": 0.7338,
      "f1": 0.403,
      "auc": 0.6415
    },
    "mst_eps10.0": {
      "accuracy": 0.7445,
      "f1": 0.4023,
      "auc": 0.6806
    }
  }
}