{
  "one_way_tvd": {
    "mst_eps1": {
      "workclass": 0.005140906835995669,
      "education": 0.016378147633693826,
      "marital-status": 0.02499890862188712,
      "occupation": 0.016361414822899094,
      "race": 0.005662139101101269,
      "gender": 0.001278162516122644,
      "income": 0.0016765353705724684,
      "age": 0.18230077388629826,
      "hours-per-week": 0.6563918394682013,
      "__mean__": 0.10113209202853018
    },
    "aim_eps1": {
      "workclass": 0.02113238835925744,
      "education": 0.03347393376818868,
      "marital-status": 0.01410454089312593,
      "occupation": 0.025432614149523334,
      "race": 0.026659031610637218,
      "gender": 0.0007956848971399921,
      "income": 0.000706171600602129,
      "age": 0.16971698444555947,
      "hours-per-week": 0.34030132965378823,
      "__mean__": 0.07025807548642471
    },
    "independent_eps1": {
      "workclass": 0.0014935078246087756,
      "education": 0.013528958552072395,
      "marital-status": 0.008229966001699934,
      "occupation": 0.01597000649967502,
      "race": 0.0029446302684865465,
      "gender": 0.0007164941752912657,
      "income": 0.000712054397280143,
      "age": 0.19766200939953,
      "hours-per-week": 0.29635038998050095,
      "__mean__": 0.05973422412212723
    },
    "mst_eps0.5": {
      "workclass": 0.03447247420625031,
      "education": 0.035110432138762894,
      "marital-status": 0.014399431789861972,
      "occupation": 0.04084612969147187,
      "race": 0.01529647360813442,
      "gender": 0.00020795494193293074,
      "income": 0.002231301400588151,
      "age": 0.22279453222349596,
      "hours-per-week": 0.22633805761850168,
      "__mean__": 0.06574408751322225
    },
    "mst_eps2.0": {
      "workclass": 0.0024611835506519446,
      "education": 0.009656820461384148,
      "marital-status": 0.0043851554663991875,
      "occupation": 0.005186258776328991,
      "race": 0.0023535606820461784,
      "gender": 0.00015867602808428138,
      "income": 0.00047602808425273313,
      "age": 0.11698114343029087,
      "hours-per-week": 0.3448003510531595,
      "__mean__": 0.0540510197258442
    },
    "mst_eps10.0": {
      "workclass": 0.0005161709572606915,
      "education": 0.0010447888027993117,
      "marital-status": 0.0013618595351162573,
      "occupation": 0.0018351037240689739,
      "race": 0.00043805298675330447,
      "gender": 8.262934266434208e-05,
      "income": 0.00018950262434391796,
      "age": 0.1789750437390652,
      "hours-per-week": 0.3441667958010497,
      "__mean__": 0.05873443861256908
    },
    "aim_eps0.5": {
      "workclass": 0.051211223879108286,
      "education": 0.05976296942795872,
      "marital-status": 0.029150009974564878,
      "occupation": 0.046005994713480616,
      "race": 0.024443553937459478,
      "gender": 0.00024241184978304742,
      "income": 0.0030089172609844977,
      "age": 0.17604820208468405,
      "hours-per-week": 0.28779349409007027,
      "__mean__": 0.0752963085797882
    },
    "aim_eps2.0": {
      "workclass": 0.004719285999202277,
      "education": 0.011075767850019954,
      "marital-status": 0.007356422018348623,
      "occupation": 0.005581212604706819,
      "race": 0.002111507778220976,
      "gender": 0.0021183885121659474,
      "income": 0.0012694056641403828,
      "age": 0.17507130035899482,
      "hours-per-week": 0.34648163143199034,
      "__mean__": 0.06175388024642113
    },
    "aim_eps10.0": {
      "workclass": 0.0017888844462215186,
      "education": 0.005268152738904441,
      "marital-status": 0.003053518592562949,
      "occupation": 0.010266113554578168,
      "race": 0.0013424830067973082,
      "gender": 8.220711715312135e-05,
      "income": 0.0003031587365054239,
      "age": 0.2169575569772091,
      "hours-per-week": 0.34862508996401437,
      "__mean__": 0.06529857390377182
    }
  },
  "corr_error": {
    "mst_eps1": 0.0889,
    "aim_eps1": 0.404,
    "independent_eps1": 0.0817,
    "mst_eps0.5": 0.0657,
    "mst_eps2.0": 0.0401,
    "mst_eps10.0": 0.0718,
    "aim_eps0.5": 0.1056,
    "aim_eps2.0": 0.0178,
    "aim_eps10.0": 0.0355
  },
  "tstr": {
    "real_train (TRTR baseline)": {
      "accuracy": 0.8409,
      "f1": 0.625,
      "auc": 0.8929
    },
    "mst_eps1": {
      "accuracy": 0.7316,
      "f1": 0.4071,
      "auc": 0.6634
    },
    "aim_eps1": {
      "accuracy": 0.7431,
      "f1": 0.4788,
      "auc": 0.7579
    },
    "independent_eps1": {
      "accuracy": 0.7595,
      "f1": 0.0031,
      "auc": 0.4427
    },
    "mst_eps0.5": {
      "accuracy": 0.7264,
      "f1": 0.4604,
      "auc": 0.6648
    },
    "mst_eps2.0": {
      "accuracy": 0.7378,
      "f1": 0.4339,
      "auc": 0.6875
    },
    "mst_eps10.0": {
      "accuracy": 0.7452,
      "f1": 0.4086,
      "auc": 0.6832
    },
    "aim_eps0.5": {
      "accuracy": 0.7218,
      "f1": 0.4885,
      "auc": 0.7112
    },
    "aim_eps2.0": {
      "accuracy": 0.7839,
      "f1": 0.5386,
      "auc": 0.836
    },
    "aim_eps10.0": {
      "accuracy": 0.8324,
      "f1": 0.5918,
      "auc": 0.8771
    }
  }
}